City_ID,City,Lat,Lng,Max Temp,Humidity,Cloudiness,Wind Speed,Country,Date
0,palmer,42.1584,-72.3287,66.52,71,100,3.44,US,1723163381
1,mahibadhoo,3.7833,72.9667,81.55,75,99,4.52,MV,1723163382
2,kendari,-3.945,122.4989,77.47,77,41,1.88,ID,1723163357
3,dong ha,16.8163,107.1003,84.22,64,53,7.87,VN,1723163384
4,bahia honda,22.9036,-83.1592,82.22,79,36,1.48,CU,1723163386
5,guarapari,-20.6667,-40.4975,72.39,73,14,11.56,BR,1723163387
6,port elizabeth,-33.918,25.5701,54.32,85,0,6.91,ZA,1723163388
7,qaqortoq,60.7167,-46.0333,43.14,95,100,2.95,GL,1723163389
8,edinburgh of the seven seas,-37.0676,-12.3116,58.46,92,100,38.9,SH,1723163390
9,thompson,55.7435,-97.8558,66.36,45,75,8.05,CA,1723163391
10,waitangi,-43.9535,-176.5597,54.82,80,96,10.0,NZ,1723163392
11,port-aux-francais,-49.35,70.2167,36.09,69,92,16.82,TF,1723163393
12,twon-brass,4.3151,6.2418,77.22,84,66,9.78,NG,1723163394
13,tiszavasvari,47.9667,21.35,68.68,68,85,3.09,HU,1723163395
14,adamstown,-25.066,-130.1015,71.62,80,49,24.96,PN,1723163397
15,klyuchi,52.2667,79.1667,65.01,85,87,3.78,RU,1723163398
16,tukrah,32.5341,20.5791,80.11,74,0,9.15,LY,1723163399
17,merizo village,13.2658,144.6691,86.38,84,100,6.46,GU,1723163400
18,port macquarie,-31.4333,152.9167,65.07,65,100,4.0,AU,1723163401
19,rio grande,-32.035,-52.0986,48.85,75,43,15.08,BR,1723163403
20,north bondi,-33.8824,151.2769,60.82,74,0,8.05,AU,1723163405
21,saipan,15.1355,145.701,88.5,70,40,5.75,MP,1723163406
22,wailua homesteads,22.0669,-159.378,83.19,69,40,12.66,US,1723163407
23,amursk,50.2261,136.8994,68.94,64,30,14.9,RU,1723163408
24,blackmans bay,-43.0167,147.3167,54.73,62,100,1.99,AU,1723163409
25,port mathurin,-19.6833,63.4167,72.48,73,54,21.34,MU,1723163410
26,praia da vitoria,38.7333,-27.0667,73.65,88,0,2.57,PT,1723163411
27,kone,-21.0595,164.8658,81.39,44,10,3.42,NC,1723163412
28,ancud,-41.8697,-73.8203,45.84,84,100,5.46,CL,1723163414
29,margaret river,-33.95,115.0667,62.04,77,45,11.9,AU,1723163415
30,stanley,54.868,-1.6985,62.62,91,40,9.22,GB,1723163416
31,avarua,-21.2078,-159.775,71.65,56,100,8.05,CK,1723163417
32,nuku'alofa,-21.1333,-175.2,75.54,60,75,16.11,TO,1723163418
33,cole harbour,44.6724,-63.4751,66.18,79,67,1.14,CA,1723163419
34,ingeniero jacobacci,-41.3427,-69.5448,37.85,59,18,7.96,AR,1723163420
35,whitehorse,60.7161,-135.0538,83.17,28,20,13.8,CA,1723163421
36,berdigestyakh,62.0989,126.6992,70.54,42,30,5.14,RU,1723163422
37,yellowknife,62.456,-114.3525,75.42,49,20,15.01,CA,1723163423
38,ushuaia,-54.8,-68.3,42.46,75,75,10.36,AR,1723163413
39,aylmer,42.7668,-80.983,72.73,92,93,4.43,CA,1723163393
40,iqaluit,63.7506,-68.5145,51.53,87,100,4.61,CA,1723163413
41,kinango,-4.1372,39.3153,65.52,96,24,3.09,KE,1723163428
42,nogliki,51.8333,143.1667,54.99,93,100,14.07,RU,1723163429
43,ola,59.5833,151.2833,59.61,76,57,3.6,RU,1723163430
44,nova sintra,14.8667,-24.7167,78.98,79,8,5.97,CV,1723163431
45,puerto colombia,10.9878,-74.9547,82.56,77,100,6.96,CO,1723163432
46,taneytown,39.6579,-77.1744,75.92,92,100,11.48,US,1723163433
47,kodiak,57.79,-152.4072,58.51,63,100,4.61,US,1723163434
48,atafu village,-8.5421,-172.5159,84.06,74,34,19.93,TK,1723163435
49,san mariano,7.5,126.0,80.38,84,100,2.77,PH,1723163436
50,urangan,-25.3,152.9,67.14,74,14,12.59,AU,1723163438
51,nouadhibou,20.931,-17.0347,71.58,83,20,10.36,MR,1723163439
52,grytviken,-54.2811,-36.5092,4.14,76,15,14.65,GS,1723163440
53,bethel,41.3712,-73.414,67.01,92,100,3.44,US,1723163441
54,coari,-4.085,-63.1414,80.6,44,42,1.7,BR,1723163442
55,hurricane,37.1753,-113.2899,89.94,27,22,12.88,US,1723163204
56,castillos,-34.1667,-53.8333,44.46,77,100,8.08,UY,1723163444
57,lethem,3.3803,-59.7968,77.18,84,30,6.64,GY,1723163445
58,awjilah,29.1081,21.2869,83.25,42,0,7.36,LY,1723163446
59,kruisfontein,-34.0033,24.7314,57.94,46,0,15.64,ZA,1723163448
60,invercargill,-46.4,168.35,47.01,83,1,5.99,NZ,1723163449
61,anloga,5.7947,0.8973,74.48,87,100,12.93,GH,1723163450
62,talakan,50.3167,130.3667,69.96,82,66,2.46,RU,1723163451
63,albany,42.6001,-73.9662,65.26,75,100,3.0,US,1723163188
64,coquimbo,-29.9533,-71.3436,55.13,61,0,6.91,CL,1723163453
65,katabu,-4.9333,122.5167,83.25,56,85,8.39,ID,1723163455
66,north las vegas,36.1989,-115.1175,104.65,26,0,10.36,US,1723163282
67,tokar,18.4254,37.729,90.63,58,100,1.97,SD,1723163458
68,nar'yan-mar,67.6713,53.087,44.17,80,19,5.14,RU,1723163459
69,hithadhoo,-0.6,73.0833,82.26,73,100,9.48,MV,1723163460
70,gorno-altaysk,51.9561,85.955,63.82,94,56,4.36,RU,1723163461
71,hadibu,12.65,54.0333,77.11,80,58,17.2,YE,1723163462
72,shubarkuduk,49.1447,56.4872,65.68,83,0,6.69,KZ,1723163463
73,puerto natales,-51.7236,-72.4875,43.66,85,92,13.6,CL,1723163361
74,krasnoarmeysk,51.0239,45.6969,58.82,84,86,6.31,RU,1723163465
75,bella vista,36.4295,-94.2316,84.88,56,20,12.66,US,1723163466
76,polyarnyy,69.1989,33.4478,52.65,63,10,11.92,RU,1723163468
77,gereshk,31.8209,64.5701,82.47,15,0,4.74,AF,1723163469
78,enewetak,11.3474,162.3373,84.51,74,43,14.45,MH,1723163470
79,bredasdorp,-34.5322,20.0403,52.38,83,97,24.83,ZA,1723163471
80,bilibino,68.0546,166.4372,57.09,42,20,2.59,RU,1723163472
81,kapa'a,22.0752,-159.319,84.52,67,40,12.66,US,1723163205
82,volzhskiy,48.7858,44.7797,69.84,57,4,5.08,RU,1723163474
83,jamestown,42.097,-79.2353,73.04,94,40,8.05,US,1723163197
84,la sarre,48.8002,-79.1996,64.06,60,96,8.88,CA,1723163477
85,georgetown,5.4112,100.3354,82.33,78,20,3.44,MY,1723163478
86,talnakh,69.4865,88.3972,53.69,60,10,3.04,RU,1723163464
87,melfort,52.8667,-104.6177,64.53,45,98,5.75,CA,1723163480
88,moundou,8.5667,16.0833,72.52,91,100,3.18,TD,1723163482
89,sanctuary point,-35.1114,150.629,61.93,49,100,8.95,AU,1723163360
90,buala,-8.145,159.5921,80.29,85,100,13.96,SB,1723163484
91,el rama,12.1596,-84.2195,79.56,92,100,2.46,NI,1723163326
92,petropavlovsk-kamchatsky,53.0452,158.6483,57.79,100,100,2.24,RU,1723163486
93,west island,-12.1568,96.8225,78.78,83,20,18.41,CC,1723163487
94,ashkasham,36.6833,71.5333,57.15,33,0,1.83,AF,1723163488
95,papatowai,-46.5619,169.4708,50.22,63,2,7.34,NZ,1723163489
96,palopo,-2.9996,120.1921,78.85,80,30,1.97,ID,1723163490
97,lluta,-16.0147,-72.0142,44.35,42,0,3.13,PE,1723163402
98,camarinas,43.1311,-9.1817,66.81,91,23,15.26,ES,1723163493
99,longyearbyen,78.2186,15.6401,51.64,87,0,0.0,SJ,1723163436
100,lebu,-37.6167,-73.65,45.0,83,80,9.86,CL,1723163495
101,kapuskasing,49.4169,-82.4331,60.89,100,100,8.05,CA,1723163476
102,ust-nera,64.5667,143.2,62.11,64,84,6.22,RU,1723163497
103,al ghayzah,16.2079,52.176,75.47,93,76,8.72,YE,1723163225
104,saldanha,-33.0117,17.9442,55.78,79,27,21.7,ZA,1723163499
105,puerto ayora,-0.7393,-90.3518,67.55,91,32,5.01,EC,1723163500
106,codrington,-38.2667,141.9667,55.06,77,100,11.21,AU,1723163502
107,susuman,62.7833,148.1667,60.04,50,0,0.76,RU,1723163503
108,peniche,39.3558,-9.3811,65.7,90,0,14.03,PT,1723163504
109,mwene-ditu,-7.0,23.45,67.73,24,96,2.95,CD,1723163505
110,lompoc,34.6391,-120.4579,65.52,78,0,11.5,US,1723163043
111,suva,-18.1416,178.4415,80.08,61,75,9.22,FJ,1723163507
112,concepcion del oro,24.6333,-101.4167,73.9,26,73,11.88,MX,1723163508
113,punta arenas,-53.15,-70.9167,39.31,87,20,6.91,CL,1723163509
114,freetown,8.484,-13.2299,78.51,83,40,10.36,SL,1723163510
115,wynyard,-41.0,145.7167,53.42,68,84,8.16,AU,1723163511
116,woodlake,37.4211,-77.6793,77.76,97,100,9.22,US,1723163512
117,raja,8.4596,25.678,68.52,97,100,2.19,SS,1723163514
118,port alfred,-33.5906,26.891,62.46,56,0,15.7,ZA,1723163515
119,vorkuta,67.5,64.0,47.19,75,6,2.42,RU,1723163516
120,hawaiian paradise park,19.5933,-154.9731,82.87,69,0,8.05,US,1723163517
121,malango,-2.9627,119.9001,72.88,82,40,3.47,ID,1723163518
122,olonkinbyen,70.9221,-8.7187,40.66,98,100,7.96,SJ,1723163519
123,cody,44.5263,-109.0565,61.02,73,100,11.5,US,1723163520
124,tara,56.8944,74.371,50.04,88,6,5.77,RU,1723163521
125,luderitz,-26.6481,15.1594,55.49,71,0,6.08,NA,1723163522
126,coronel suarez,-37.4547,-61.9334,33.44,82,7,5.61,AR,1723163523
127,bikenibeu village,1.3673,173.1241,83.1,68,78,9.73,KI,1723163525
128,bardai,11.65,7.2333,70.09,94,100,9.4,NG,1723163526
129,thunder bay,48.4001,-89.3168,64.38,52,75,10.36,CA,1723163527
130,santiago de chuco,-8.15,-78.1833,53.91,55,81,0.47,PE,1723163528
131,egersund,58.4513,5.9997,58.84,93,100,17.52,NO,1723163529
132,amga,60.8953,131.9608,70.11,48,21,1.92,RU,1723163530
133,isafjordur,66.0755,-23.124,42.24,93,100,7.47,IS,1723163451
134,lihue,21.9789,-159.3672,83.79,63,40,12.66,US,1723163532
135,ejirin,6.6142,3.9002,73.31,88,98,4.12,NG,1723163533
136,brisas de zicatela,15.8369,-97.0419,82.92,83,100,11.5,MX,1723163534
137,tiksi,71.6872,128.8694,41.47,90,100,13.11,RU,1723163441
138,amahai,-3.3333,128.9167,78.96,83,50,12.86,ID,1723163537
139,egilsstadir,65.2653,-14.3948,44.51,93,75,3.44,IS,1723163538
140,binh long,11.6512,106.6071,80.92,86,32,5.79,VN,1723163539
141,blair,41.5444,-96.125,70.9,53,0,10.36,US,1723163540
142,maslyanino,54.3436,84.2111,60.64,97,100,5.01,RU,1723163541
143,kristiansund,63.1115,7.732,56.05,88,75,4.61,NO,1723163542
144,kill devil hills,36.0307,-75.676,81.99,85,100,13.8,US,1723163543
145,zarechnyy,53.2036,45.1923,58.48,94,100,0.65,RU,1723163544
146,haiku-pauwela,20.9219,-156.3051,82.42,73,40,27.63,US,1723163545
147,college,64.8569,-147.8028,69.78,70,100,10.36,US,1723163546
148,lamu,-2.2717,40.902,74.82,76,70,13.29,KE,1723163547
149,labrador city,52.9463,-66.9114,57.18,58,20,7.0,CA,1723163549
150,nadi,-17.8,177.4167,82.4,51,75,10.36,FJ,1723163550
151,sao gabriel da cachoeira,-0.1303,-67.0892,77.34,81,12,1.79,BR,1723163551
152,carauari,-4.8828,-66.8958,86.13,43,100,1.03,BR,1723163552
153,ribeira grande,38.5167,-28.7,71.78,85,0,5.01,PT,1723163553
154,anavyssos,37.7333,23.95,74.88,54,0,8.19,GR,1723163554
155,constantia,44.1833,28.65,69.58,76,0,4.94,RO,1723163555
156,brainerd,46.358,-94.2008,64.42,68,75,10.36,US,1723163556
157,muynoq,43.7683,59.0214,79.03,50,0,9.55,UZ,1723163557
158,kosti,13.1629,32.6635,78.49,80,100,4.29,SD,1723163558
159,iskateley,67.6803,53.1512,44.26,80,19,5.08,RU,1723163556
160,itoman,26.1247,127.6694,88.57,79,20,4.61,JP,1723163561
161,vila velha,-20.3297,-40.2925,73.94,79,40,11.5,BR,1723163562
162,island harbour,50.724,-1.2758,64.99,95,100,10.0,GB,1723163563
163,flin flon,54.7682,-101.865,69.12,39,60,4.38,CA,1723163564
164,serdobsk,52.4586,44.2169,57.56,91,100,4.16,RU,1723163565
165,rikaze,29.25,88.8833,48.34,83,100,2.66,CN,1723163566
166,uturoa,-16.7333,-151.4333,78.19,81,7,10.33,PF,1723163567
167,vilyuchinsk,52.9306,158.4028,56.32,98,100,4.54,RU,1723163568
168,dolores,-36.3132,-57.6792,45.28,89,100,18.95,AR,1723163569
169,port douglas,-16.4833,145.4667,72.75,75,30,12.59,AU,1723163570
170,anadyr,64.75,177.4833,48.7,70,75,4.47,RU,1723163461
171,tanout,14.9709,8.8879,80.98,65,100,13.44,NE,1723163573
172,nemuro,43.3236,145.575,67.75,95,100,9.44,JP,1723163574
173,port-vila,-17.7338,168.3219,78.4,65,75,14.97,VU,1723163575
174,uberaba,-19.7483,-47.9319,81.18,26,0,0.0,BR,1723163576
175,broken hill,-31.95,141.4333,60.93,42,3,3.27,AU,1723163520
176,hermanus,-34.4187,19.2345,54.41,80,18,31.32,ZA,1723163578
177,kupang,-10.1667,123.5833,81.18,74,20,9.22,ID,1723163580
178,puerto baquerizo moreno,-0.9,-89.6,67.41,76,75,12.8,EC,1723163581
179,rosarito,32.3333,-117.0333,70.05,74,25,7.02,MX,1723163583
180,dishna,26.1247,32.476,91.18,21,9,2.59,EG,1723163584
181,mana,5.6592,-53.7767,79.07,87,24,11.68,GF,1723163585
182,iquique,-20.2208,-70.1431,60.21,76,63,0.49,CL,1723163486
183,kidal,18.4411,1.4078,91.8,37,88,8.5,ML,1723163587
184,upington,-28.4478,21.2561,46.78,34,0,8.05,ZA,1723163588
185,vila franca do campo,37.7167,-25.4333,64.89,99,0,4.27,PT,1723163589
186,eastham,41.8301,-69.9739,65.95,95,100,6.91,US,1723163590
187,liberal,37.0431,-100.921,77.14,65,20,14.97,US,1723163591
188,mostaganem,35.9311,0.0892,76.05,92,98,4.99,DZ,1723163592
189,waupaca,44.358,-89.086,71.47,37,0,10.36,US,1723163517
190,saint-philippe,-21.3585,55.7679,69.04,78,84,10.31,RE,1723163366
191,boca suno,-0.7167,-77.1333,76.33,74,24,0.89,EC,1723163596
192,envira,-7.3,-70.2167,79.05,64,22,3.15,BR,1723163597
193,afaahiti,-17.75,-149.2833,75.22,88,51,14.74,PF,1723163526
194,wewak,-3.5534,143.6268,84.42,67,7,6.38,PG,1723163599
195,tarandacuao,20.0,-100.5333,70.36,66,100,2.42,MX,1723163600
196,dryden,49.7833,-92.7503,53.89,94,100,8.05,CA,1723163601
197,dudinka,69.4058,86.1778,49.66,64,18,18.23,RU,1723163603
198,carnarvon,-24.8667,113.6333,65.77,46,0,12.97,AU,1723163606
199,manokwari,-0.8667,134.0833,82.92,69,97,3.11,ID,1723163607
200,dunedin,-45.8742,170.5036,48.31,67,3,4.52,NZ,1723163608
201,port lincoln,-34.7333,135.8667,57.34,70,98,7.87,AU,1723163609
202,humahuaca,-23.2054,-65.3505,44.92,11,0,14.32,AR,1723163611
203,aasiaat,68.7098,-52.8699,36.91,94,77,5.68,GL,1723163612
204,queenstown,-31.8976,26.8753,54.12,17,0,20.83,ZA,1723163613
205,al jawf,29.5,38.75,78.87,25,0,8.52,SA,1723163614
206,alofi,-19.0595,-169.9187,76.89,47,40,16.11,NU,1723163615
207,ndele,8.4109,20.6473,68.88,96,100,1.21,CF,1723163617
208,yaren,-0.5472,166.916,83.05,69,100,6.76,NR,1723163618
209,st. john's,47.5649,-52.7093,63.79,69,75,10.36,CA,1723163619
210,viedma,-40.8135,-62.9967,39.97,56,1,9.06,AR,1723163455
211,khovd,48.0056,91.6419,70.63,35,21,5.1,MN,1723163621
212,cabo san lucas,22.8909,-109.9124,89.91,59,0,23.02,MX,1723163395
213,hobyo,5.3505,48.5268,76.68,78,100,24.7,SO,1723163623
214,new norfolk,-42.7826,147.0587,52.03,66,100,4.5,AU,1723163624
215,salekhard,66.53,66.6019,47.1,81,9,8.41,RU,1723163625
216,tetbury,51.6394,-2.1622,62.55,95,100,16.93,GB,1723163626
217,arraial do cabo,-22.9661,-42.0278,69.76,100,0,4.61,BR,1723163488
218,minzhu,43.7286,127.3447,75.87,85,97,3.04,CN,1723163629
219,waingapu,-9.6567,120.2641,81.81,62,0,16.64,ID,1723163630
220,mont-laurier,46.5501,-75.4993,62.62,95,100,4.79,CA,1723163631
221,mejit,10.2753,170.8646,82.94,79,66,17.05,MH,1723163632
222,gwaram,11.2764,9.8858,73.67,88,100,6.44,NG,1723163633
223,remire-montjoly,4.9167,-52.2667,80.64,89,20,3.44,GF,1723163634
224,sitka,57.0531,-135.33,64.29,77,20,4.61,US,1723163635
225,ketchikan,55.3422,-131.6461,75.67,43,0,9.22,US,1723163637
226,nuuk,64.1835,-51.7216,39.81,93,100,4.61,GL,1723163533
227,umm kaddadah,13.6017,26.6876,78.24,70,100,6.6,SD,1723163640
228,lulea,65.5842,22.1547,59.07,100,100,1.14,SE,1723163641
229,savelugu,9.6244,-0.8253,77.02,80,100,5.84,GH,1723163642
230,gemena,3.25,19.7667,71.98,94,100,2.46,CD,1723163643
231,faranah,10.0404,-10.7434,71.17,98,100,6.78,GN,1723163644
232,adre,13.4667,22.2,68.41,96,100,2.57,TD,1723163645
233,bogale,16.2833,95.4,80.56,85,66,2.89,MM,1723163646
234,huicungo,-7.2833,-76.8,72.37,93,45,3.36,PE,1723163647
235,rabo de peixe,37.8,-25.5833,71.11,99,20,8.05,PT,1723163649
236,keflavik,64.0049,-22.5624,50.43,93,100,6.91,IS,1723163650
237,ambodifotatra,-16.9833,49.85,73.45,71,6,6.38,MG,1723163651
238,tazovsky,67.4667,78.7,44.4,79,14,13.38,RU,1723163652
239,marsabit,2.3284,37.9899,60.98,78,63,17.13,KE,1723163653
240,taksimo,56.3444,114.8794,71.13,58,99,0.96,RU,1723163656
241,puente alto,-33.6167,-70.5833,52.0,65,0,9.19,CL,1723163657
242,itacare,-14.2775,-38.9967,71.01,80,0,1.12,BR,1723163658
243,vorgashor,67.5833,63.95,46.8,75,7,3.15,RU,1723163659
244,cambria,35.5641,-121.0808,64.13,72,33,8.5,US,1723163660
245,aiquile,-18.2041,-65.1807,52.47,91,75,4.36,BO,1723163662
246,lodeynoye pole,60.726,33.5531,53.56,94,17,2.77,RU,1723163663
247,hafnarfjordur,64.0671,-21.9377,51.67,82,100,5.75,IS,1723163664
248,misratah,32.3754,15.0925,81.0,75,0,7.0,LY,1723163665
249,turabah,21.2141,41.6331,80.69,63,67,4.79,SA,1723163666
250,puerto el triunfo,13.2833,-88.55,80.11,85,100,3.27,SV,1723163668
251,tromso,69.6496,18.957,64.42,68,86,3.44,NO,1723163670
252,klaksvik,62.2266,-6.589,50.65,92,100,10.65,FO,1723163671
253,baran,25.1,76.5167,76.69,90,100,6.08,IN,1723163672
254,pangody,65.85,74.4859,50.65,65,100,12.93,RU,1723163536
255,las khorey,11.1595,48.1967,88.86,58,22,7.52,SO,1723163674
256,dimapur,25.9,93.7333,76.55,95,90,4.18,IN,1723163675
257,necochea,-38.5473,-58.7368,42.19,79,10,9.31,AR,1723163676
258,salalah,17.0151,54.0924,75.29,100,100,9.22,OM,1723163677
259,labuan,5.2767,115.2417,82.76,89,20,1.14,MY,1723163678
260,galle,6.0367,80.217,82.92,81,22,1.01,LK,1723163679
261,mamou,10.5,-12.0,69.39,99,100,2.59,GN,1723163680
262,kete krachi,7.7939,-0.0498,74.97,87,67,10.58,GH,1723163682
263,karratha,-20.7377,116.8463,75.2,34,5,7.45,AU,1723163607
264,maricopa,33.0581,-112.0476,102.6,31,75,8.05,US,1723163684
265,crane,31.3974,-102.3501,100.49,17,21,13.94,US,1723163685
266,noumea,-22.2763,166.4572,73.99,99,9,11.27,NC,1723163416
267,igarka,67.4667,86.5833,52.2,70,100,11.77,RU,1723163688
268,danielskuil,-28.1887,23.5395,45.21,30,0,19.01,ZA,1723163689
269,tosontsengel,48.7567,98.2839,59.61,57,56,3.29,MN,1723163690
270,patnagarh,20.7167,83.15,75.16,93,100,4.83,IN,1723163692
271,vicuna,-30.0319,-70.7081,61.32,19,0,4.0,CL,1723163525
272,eyl,7.9803,49.8164,78.28,62,99,20.76,SO,1723163695
273,north bend,43.4065,-124.2243,60.71,82,100,10.36,US,1723163696
274,dongola,19.1667,30.4833,91.0,46,28,10.51,SD,1723163697
275,vadso,70.0744,29.7487,46.56,81,0,5.75,NO,1723163700
276,camayenne,9.535,-13.6878,77.09,100,100,4.61,GN,1723163701
277,wajir,1.7471,40.0573,72.64,70,34,12.1,KE,1723163702
278,sitia,35.2,26.0986,78.17,58,0,13.85,GR,1723163703
279,alo,6.5486,4.2686,74.25,87,98,5.1,NG,1723163704
280,mariental,-24.6333,17.9667,49.98,21,2,10.04,NA,1723163705
281,abashiri,44.0213,144.2697,82.69,74,75,3.44,JP,1723163706
282,santa cruz,-17.8,-63.1667,56.66,82,75,10.36,BO,1723163660
283,aktau,43.65,51.2,77.94,77,0,10.89,KZ,1723163709
284,hamilton,39.1834,-84.5333,83.64,69,20,9.22,US,1723163432
285,zhumysker,49.3333,49.4,69.24,65,5,6.29,KZ,1723163711
286,fale old settlement,-9.3852,-171.2468,82.94,74,100,16.64,TK,1723163712
287,lianzhou,24.7811,112.3825,86.43,66,10,2.3,CN,1723163713
288,itaueira,-7.6033,-43.0256,79.97,35,3,8.39,BR,1723163714
289,sabang,5.8933,95.3214,82.6,73,100,2.59,ID,1723163627
290,norfolk,42.1668,-71.2495,65.19,94,100,4.61,US,1723163407
291,dalhart,36.0595,-102.5133,75.22,60,100,17.27,US,1723163717
292,ilulissat,69.2167,-51.1,42.82,93,100,0.0,GL,1723163718
293,zheleznodorozhnyy,55.7503,38.0042,59.86,84,96,5.46,RU,1723163720
294,matoury,4.8483,-52.3317,80.56,89,20,3.44,GF,1723163721
295,kerikeri,-35.2268,173.9474,60.91,75,72,3.0,NZ,1723163722
296,powell river,49.8496,-124.5361,83.84,51,20,6.91,CA,1723163724
297,taltal,-25.4,-70.4833,58.14,69,0,3.83,CL,1723163725
298,iida,35.5197,137.8207,86.04,63,7,1.21,JP,1723163726
299,aripuana,-9.1667,-60.6333,76.03,45,3,2.26,BR,1723163727
300,bosilovo,41.4406,22.7278,70.16,68,0,3.06,MK,1723163729
301,akureyri,65.6835,-18.0878,46.33,87,100,5.75,IS,1723163730
302,cromwell,41.5951,-72.6454,68.07,95,100,4.61,US,1723163706
303,rongelap,11.1635,166.8941,83.26,77,86,15.5,MH,1723163732
304,maydolong,11.4992,125.5011,86.02,66,85,2.42,PH,1723163733
305,tofol,5.3248,163.0078,83.12,75,19,9.35,FM,1723163734
306,saint-flour,45.0833,3.0,54.36,82,9,1.48,FR,1723163736
307,zouerate,22.7187,-12.4521,94.03,20,52,17.18,MR,1723163737
308,tual,-5.6667,132.75,77.36,83,56,20.98,ID,1723163738
309,tsiombe,-25.3,45.4833,65.21,75,0,4.94,MG,1723163739
310,el colomo,19.05,-104.25,83.61,82,87,6.22,MX,1723163740
311,general acha,-37.377,-64.6043,38.17,55,0,2.91,AR,1723163741
312,badger,64.8,-147.5333,69.71,64,75,10.36,US,1723163742
313,malabar,-33.9667,151.25,59.13,70,0,8.05,AU,1723163743
314,alagoinhas,-12.1356,-38.4192,68.2,96,80,2.06,BR,1723163744
315,argostolion,38.1811,20.489,80.74,36,4,3.27,GR,1723163745
316,sarangani,5.4033,125.4636,82.11,78,95,5.99,PH,1723163746
317,helong,42.5397,128.9972,82.42,48,4,3.91,CN,1723163748
318,kerema,-7.9631,145.7785,78.87,90,50,10.29,PG,1723163749
319,ghormach,35.7306,63.7826,80.15,17,0,3.85,AF,1723163751
320,serenje,-13.2325,30.2352,52.92,47,12,4.05,ZM,1723163752
321,burang,30.25,81.1667,51.13,76,100,2.57,CN,1723163753
322,sanya,18.2431,109.505,87.96,84,20,2.24,CN,1723163755
323,gondar,12.6,37.4667,57.13,93,67,1.81,ET,1723163756
324,spring creek,40.7266,-115.5859,90.72,15,7,14.34,US,1723163757
325,corner brook,48.9667,-57.9484,51.73,87,20,3.96,CA,1723163759
326,yongchuan,29.3514,105.8947,86.29,68,100,4.12,CN,1723163760
327,puerto madero,14.7208,-92.4215,79.0,94,100,0.0,MX,1723163761
328,champerico,14.3,-91.9167,82.6,75,100,3.71,GT,1723163762
329,tidjikja,18.5564,-11.4271,90.14,43,8,20.45,MR,1723163763
330,gulf shores,30.246,-87.7008,88.03,66,0,7.74,US,1723163472
331,pisco,-13.7,-76.2167,60.85,82,0,10.36,PE,1723163766
332,borovskoy,53.8,64.15,51.64,79,96,12.48,KZ,1723163767
333,gurupi,-11.7292,-49.0686,76.62,27,0,4.68,BR,1723163768
334,pagar alam,-4.0167,103.2667,72.63,82,100,1.83,ID,1723163770
335,udachny,66.4167,112.4,51.33,81,98,11.01,RU,1723163771
336,holualoa,19.6228,-155.9522,80.44,81,75,10.36,US,1723163772
337,libano,4.9218,-75.0623,61.25,90,77,6.11,CO,1723163773
338,mizhirah,16.8261,42.7333,87.64,79,75,3.44,SA,1723163774
339,ariquemes,-9.9133,-63.0408,80.51,44,3,2.28,BR,1723163775
340,morondava,-20.2833,44.2833,68.38,93,14,4.54,MG,1723163776
341,aral,40.5156,81.2636,80.58,27,0,2.82,CN,1723163777
342,jamaame,0.0697,42.745,72.99,82,91,6.78,SO,1723163778
343,mogocha,53.7333,119.7667,70.03,55,100,2.24,RU,1723163779
344,kikwit,-5.041,18.8162,75.22,19,98,2.3,CD,1723163781
345,puerto aysen,-45.4,-72.7,40.78,99,100,4.27,CL,1723163529
346,smithers,54.7804,-127.1743,89.92,17,40,2.3,CA,1723163783
347,kaa-khem,51.6833,94.7333,70.14,48,17,2.37,RU,1723163784
348,mersa matruh,31.3525,27.2453,79.48,74,0,3.51,EG,1723163785
349,barcelos,41.5388,-8.6151,63.82,87,0,0.74,PT,1723163786
350,jwaneng,-24.6004,24.7303,56.32,26,0,5.48,BW,1723163787
351,jodhpur,26.2867,73.03,80.4,79,88,10.27,IN,1723163788
352,fort bragg,35.139,-79.006,76.84,88,100,13.8,US,1723163789
353,atbasar,51.8,68.3333,61.92,93,100,11.32,KZ,1723163790
354,tekman,39.6436,41.5078,58.75,72,0,3.71,TR,1723163791
355,pesqueira,-8.3578,-36.6964,61.63,97,71,7.72,BR,1723163793
356,opuwo,-18.0607,13.84,61.84,31,3,2.66,NA,1723163794
357,cockburn town,21.4612,-71.1419,82.63,84,100,17.13,TC,1723163602
358,san patricio,28.017,-97.5169,88.02,60,0,10.92,US,1723163796
359,shubarshi,48.5872,57.1869,66.42,80,1,8.48,KZ,1723163797
360,port saint john's,-31.6229,29.5448,63.91,68,0,5.19,ZA,1723163798
361,mount gambier,-37.8333,140.7667,53.42,87,100,6.31,AU,1723163799
362,chui,-33.6971,-53.4616,46.22,70,100,8.55,UY,1723163800
363,indramayu,-6.3264,108.32,81.57,68,72,9.53,ID,1723163801
364,touros,-5.1989,-35.4608,74.17,88,1,12.12,BR,1723163802
365,luorong,24.4058,109.6086,85.3,75,9,11.86,CN,1723163804
366,tolanaro,-25.0319,46.9987,68.07,83,20,21.85,MG,1723163805
367,kentau,43.5206,68.5094,84.07,24,33,1.52,KZ,1723163806
368,el calafate,-50.3408,-72.2768,38.5,82,6,8.41,AR,1723163648
369,hami,42.8,93.45,71.91,56,100,2.51,CN,1723163639
370,prince rupert,54.3161,-130.3201,64.49,82,0,13.8,CA,1723163809
371,bintulu,3.1667,113.0333,79.21,89,20,2.3,MY,1723163811
372,fortuna,40.5982,-124.1573,59.99,94,0,14.97,US,1723163541
373,forster,-32.1667,152.5167,65.37,69,100,4.61,AU,1723163813
374,antsiranana,-12.2787,49.2917,71.76,69,6,16.42,MG,1723163815
375,inongo,-1.95,18.2667,71.64,61,95,5.21,CD,1723163816
376,vernon,50.2581,-119.2691,90.93,23,16,7.0,CA,1723163817
377,sao jose da coroa grande,-8.8978,-35.1478,75.7,74,99,7.81,BR,1723163818
378,yefremov,53.1481,38.0992,57.04,96,7,7.31,RU,1723163819
379,hasaki,35.7333,140.8333,83.55,80,0,14.63,JP,1723163820
380,solleftea,63.1667,17.2667,56.39,97,9,3.33,SE,1723163821
381,anna regina,7.2644,-58.5077,80.69,79,26,5.3,GY,1723163822
382,dzhalagash,45.0833,64.6667,81.32,40,81,18.68,KZ,1723163823
383,kingston,17.997,-76.7936,86.95,66,20,16.11,JM,1723163601
384,banda aceh,5.5577,95.3222,81.52,78,99,2.77,ID,1723163825
385,emerald,-23.5333,148.1667,69.35,57,94,6.2,AU,1723163827
386,divino das laranjeiras,-18.7778,-41.4797,70.68,58,0,5.46,BR,1723163828
387,montepuez,-13.1256,38.9997,63.54,96,70,5.19,MZ,1723163829
388,newport,51.5877,-2.9984,66.45,95,100,22.55,GB,1723163411
389,buckeye,33.3703,-112.5838,106.29,21,0,9.22,US,1723163760
390,churapcha,62.0025,132.4325,67.98,48,7,4.5,RU,1723163832
391,lambarene,-0.7001,10.2406,72.91,85,92,3.53,GA,1723163833
392,mpulungu,-8.7623,31.1141,70.56,41,99,8.1,ZM,1723163834
393,namibe,-15.1961,12.1522,60.98,88,0,5.5,AO,1723163835
394,qarauyl,48.9451,79.255,75.49,49,71,3.94,KZ,1723163838
395,chernyshevskiy,63.0128,112.4714,72.72,52,64,4.32,RU,1723163839
396,utrik,11.2278,169.8474,82.8,80,83,17.72,MH,1723163840
397,lorengau,-2.0226,147.2712,85.84,69,19,9.33,PG,1723163745
398,ceelbuur,4.685,46.6176,75.88,68,100,19.44,SO,1723163842
399,fort st. john,56.2499,-120.8529,76.89,38,20,13.8,CA,1723163843
400,shagonar,51.5333,92.8,62.73,80,100,1.1,RU,1723163844
401,naze,28.3667,129.4833,85.59,66,5,4.05,JP,1723163846
402,kodinar,20.7903,70.7031,80.58,87,95,12.28,IN,1723163847
403,stornoway,58.2093,-6.3865,55.36,96,75,11.5,GB,1723163848
404,happy valley-goose bay,53.3168,-60.3315,59.31,67,75,5.75,CA,1723163849
405,uliastay,47.7417,96.8444,62.55,44,0,2.08,MN,1723163850
406,machico,32.7,-16.7667,74.03,64,40,12.66,PT,1723163851
407,songyang,34.4553,113.0281,80.37,89,100,5.88,CN,1723163852
408,talara,-4.5772,-81.2719,65.16,82,40,12.66,PE,1723163853
409,vila do maio,15.1333,-23.2167,78.8,79,78,7.43,CV,1723163854
410,tazacorte,28.629,-17.9293,72.57,89,20,16.11,ES,1723163855
411,chonchi,-42.6128,-73.8092,43.5,95,100,1.83,CL,1723163711
412,tura,25.5198,90.2201,75.72,97,100,5.37,IN,1723163858
413,ghadamis,30.1337,9.5007,82.09,33,0,9.1,LY,1723163859
414,essaouira,31.5125,-9.77,72.9,78,0,8.05,MA,1723163860
415,rakvere,59.3464,26.3558,61.2,80,76,4.38,EE,1723163861
416,mata-utu,-13.2816,-176.1745,78.64,72,100,20.29,WF,1723163862
417,baki,-7.6128,110.7839,78.76,72,0,7.38,ID,1723163864
418,kisangani,0.5167,25.2,72.3,95,100,1.74,CD,1723163865
419,vakfikebir,41.0458,39.2764,71.73,79,0,5.66,TR,1723163866
420,turpan,42.9333,89.1667,84.25,34,0,1.21,CN,1723163868
421,afua,-0.1567,-50.3867,77.27,85,0,6.46,BR,1723163869
422,hegang,47.4,130.3667,76.86,55,22,4.83,CN,1723163870
423,lazaro cardenas,17.9583,-102.2,84.38,83,29,3.67,MX,1723163748
424,yarmouth,41.7057,-70.2286,66.0,94,100,8.05,US,1723163872
425,jiazi,22.8779,116.067,85.66,77,59,17.34,CN,1723163873
426,pandhurna,21.6,78.5167,72.95,93,100,4.34,IN,1723163874
427,aykhal,66.0,111.5,50.38,87,99,11.92,RU,1723163875
428,alice springs,-23.7,133.8833,65.75,42,0,0.0,AU,1723163876
429,tropea,38.6754,15.8948,80.04,73,0,1.54,IT,1723163877
430,porto murtinho,-21.6989,-57.8825,62.13,53,100,3.96,BR,1723163879
431,zhuanghe,39.7008,122.9911,80.78,84,100,3.71,CN,1723163880
432,liwale,-9.7667,37.9333,61.39,97,98,1.86,TZ,1723163881
433,mazeikiai,56.3167,22.3333,62.85,84,98,4.83,LT,1723163882
434,margate,51.3813,1.3862,66.69,83,100,1.01,GB,1723163883
435,iskushuban,10.2837,50.23,81.97,51,100,20.29,SO,1723163884
436,puerto plata,19.7934,-70.6884,84.04,74,20,11.5,DO,1723163739
437,vershino-darasunskiy,52.35,115.5167,65.89,58,0,2.86,RU,1723163886
438,porangatu,-13.4408,-49.1486,75.36,30,1,1.72,BR,1723163887
439,port augusta,-32.5,137.7667,60.37,64,100,8.1,AU,1723163888
440,portland,45.5234,-122.6762,96.94,35,20,11.5,US,1723163190
441,krotoszyn,51.6987,17.4374,58.03,85,5,3.6,PL,1723163891
442,el porvenir,13.7617,-87.3458,72.37,99,100,2.55,HN,1723163892
443,mtambile,-5.3833,39.7,74.48,77,11,7.65,TZ,1723163893
444,lautaro,-38.5167,-72.45,36.03,88,52,2.55,CL,1723163894
445,broome,42.2506,-75.833,67.42,81,100,9.22,US,1723163895
446,tabuk,17.4189,121.4443,84.63,69,89,2.62,PH,1723163897
447,masterton,-40.9597,175.6575,47.57,99,100,6.76,NZ,1723163898
448,santiago de cao,-7.9589,-79.2392,62.73,88,12,6.91,PE,1723163899
449,nampula,-15.1165,39.2666,61.14,97,9,1.43,MZ,1723163900
450,lubango,-14.9172,13.4925,64.26,29,0,8.05,AO,1723163902
451,diego de almagro,-26.3667,-70.05,52.93,37,0,0.69,CL,1723163903
452,walvis bay,-22.9575,14.5053,53.19,67,0,12.62,NA,1723163904
453,demre,36.2537,29.9777,75.34,79,0,1.61,TR,1723163905
454,saint-francois,46.4154,3.9054,60.24,90,0,2.3,FR,1723163906
455,huarmey,-10.0681,-78.1522,62.64,84,100,10.18,PE,1723163907
456,ngama,11.7833,17.1667,74.44,91,100,8.41,TD,1723163908
457,padang,-0.9492,100.3543,80.91,75,99,3.31,ID,1723163909
458,pamekasan,-7.1568,113.4746,83.68,61,0,10.09,ID,1723163910
459,masallatah,32.6167,14.0,74.26,90,2,2.8,LY,1723163911
460,san fernando de apure,7.8878,-67.4724,76.66,91,85,2.89,VE,1723163912
461,sidney,-33.8679,151.2073,61.39,74,0,8.05,AU,1723163679
462,lerwick,60.1545,-1.1494,55.51,91,100,16.96,GB,1723163915
463,yelizovo,53.1873,158.3805,59.14,100,100,2.24,RU,1723163916
464,ciudad fernandez,21.95,-100.0,77.7,72,62,10.54,MX,1723163917
465,deqing,30.5448,119.9599,89.73,65,100,2.55,CN,1723163918
466,kosh-agach,50.0,88.6667,56.55,67,100,2.84,RU,1723163716
467,tefe,-3.3542,-64.7114,83.08,51,44,1.72,BR,1723163921
468,pimenta bueno,-11.6725,-61.1936,80.8,35,63,2.44,BR,1723163922
469,naryn,41.4287,75.9911,59.2,49,0,8.43,KG,1723163923
470,itaituba,-4.2761,-55.9836,77.63,43,0,0.96,BR,1723163924
471,badagry,6.4167,2.8833,74.08,88,100,7.16,NG,1723163926
472,makamba,-4.1348,29.804,64.24,50,27,1.83,BI,1723163927
473,san antonio de pale,-1.4014,5.6325,73.24,83,100,8.19,GQ,1723163928
474,mandalgovi,45.7625,106.2708,56.1,86,100,20.09,MN,1723163929
475,khandyga,62.6667,135.6,68.25,55,14,1.88,RU,1723163930
476,freeport,40.6576,-73.5832,69.98,89,100,13.8,US,1723163931
477,makushino,55.2103,67.2442,48.52,85,9,10.4,RU,1723163932
478,east london,-33.0153,27.9116,61.2,73,0,7.02,ZA,1723163717
479,haparanda,65.8355,24.1368,59.54,78,82,9.98,SE,1723163934
480,palmerston north,-40.35,175.6167,56.77,90,54,3.85,NZ,1723163921
481,laguna,38.421,-121.4238,95.18,29,0,9.22,US,1723163936
482,banff,51.1762,-115.5698,68.38,40,30,6.91,CA,1723163938
483,kailua-kona,19.6406,-155.9956,84.16,80,75,10.36,US,1723163939
484,vieste,41.8825,16.175,77.92,75,0,9.84,IT,1723163940
485,nagqu,31.5,92.0,41.74,84,49,2.86,CN,1723163941
486,paraty,-23.2178,-44.7131,73.33,57,38,4.25,BR,1723163942
487,guerrero negro,27.9769,-114.0611,75.74,60,0,15.93,MX,1723163943
488,ephrata,40.1798,-76.1788,72.99,90,100,8.05,US,1723163348
489,silver city,32.7701,-108.2803,88.3,31,40,8.01,US,1723163945
490,yuzhno-kurilsk,44.0306,145.8556,71.96,85,100,6.44,RU,1723163946
491,roma,43.2128,-75.4557,64.54,97,100,9.22,US,1723163947
492,raisdorf,54.2833,10.2333,60.69,72,75,5.75,DE,1723163948
493,acapulco de juarez,16.8634,-99.8901,76.82,88,100,11.5,MX,1723163788
494,dellys,36.9172,3.9131,76.64,83,0,1.59,DZ,1723163951
495,akjoujt,19.6969,-14.4164,84.02,45,100,18.75,MR,1723163952
496,vanino,49.0869,140.2543,61.75,88,100,2.84,RU,1723163953
497,winnemucca,40.973,-117.7357,96.85,11,0,3.44,US,1723163872
498,shache,38.4167,77.2406,78.03,28,0,5.12,CN,1723163955
499,wanning,18.8003,110.3967,85.6,75,99,11.05,CN,1723163956
500,novo aripuana,-5.1206,-60.3797,78.93,37,0,2.89,BR,1723163957
501,hammerfest,70.6634,23.6821,68.45,56,9,9.22,NO,1723163958
502,moranbah,-22.0016,148.0466,71.62,44,0,16.11,AU,1723163959
503,amble,55.3333,-1.5833,60.94,100,40,6.91,GB,1723163960
504,governador valadares,-18.8511,-41.9494,72.01,57,0,0.36,BR,1723163962
505,san marco in lamis,41.7131,15.6399,67.59,81,0,5.19,IT,1723163964
506,gewane,10.1664,40.6453,81.73,60,28,2.84,ET,1723163965
507,carnot,4.9409,15.8665,70.81,86,100,2.28,CF,1723163966
508,sinop,41.7711,34.8709,62.55,84,0,3.8,TR,1723163967
509,ceeldheer,3.8488,47.1806,75.9,80,100,18.34,SO,1723163968
510,palikir - national government center,6.9248,158.1611,88.65,70,75,4.61,FM,1723163969
511,autazes,-3.5797,-59.1306,78.35,45,5,2.42,BR,1723163971
512,olyokminsk,60.3736,120.4264,76.64,47,0,2.71,RU,1723163972
513,port blair,11.6667,92.75,82.31,80,87,8.52,IN,1723163973
514,yung shue wan,22.2333,114.1167,86.76,83,92,13.35,HK,1723163974
515,grand baie,-20.0182,57.5802,67.44,82,5,4.0,MU,1723163975
516,pangkalanbuun,-2.6833,111.6167,78.87,90,32,4.63,ID,1723163976
517,newman,37.3138,-121.0208,105.44,8,0,8.23,US,1723163977
518,magadan,59.5667,150.8,58.28,83,48,3.74,RU,1723163978
519,bamboo flat,11.7,92.7167,81.5,80,80,8.21,IN,1723163979
520,khash,28.2211,61.2158,80.28,62,22,3.15,IR,1723163980
521,flying fish cove,-10.4217,105.6791,78.48,83,100,16.11,CX,1723163982
522,rabigh,22.7986,39.0349,89.4,67,96,6.33,SA,1723163983
523,mo i rana,66.3128,14.1428,59.45,92,75,18.41,NO,1723163581
524,laojunmiao,39.8333,97.7333,62.29,47,90,19.26,CN,1723163985
525,korla,41.7597,86.1469,73.04,44,0,5.57,CN,1723163986
526,paradip garh,20.3167,86.6167,78.24,95,100,10.02,IN,1723163987
527,villa ocampo,-28.4875,-59.3551,44.58,66,6,9.75,AR,1723163988
528,berezovo,63.9381,65.0419,50.2,80,90,4.68,RU,1723163989
529,korhogo,9.45,-5.6333,71.38,97,98,6.98,CI,1723163990
530,sur,22.5667,59.5289,81.19,75,91,10.09,OM,1723163991
531,dongsheng,39.8161,109.9776,66.31,74,100,23.24,CN,1723163992
532,sirjan,29.452,55.6814,78.71,53,0,7.7,IR,1723163994
533,yorkton,51.2167,-102.4677,60.64,59,100,6.91,CA,1723163995
534,zag,46.9441,99.165,57.43,65,100,2.33,MN,1723163996
535,punta alta,-38.8759,-62.0736,39.6,70,0,7.29,AR,1723163997
536,melekeok village,7.4957,134.6367,79.36,89,100,5.75,PW,1723163998
537,koesan,36.8108,127.7947,84.7,74,34,1.97,KR,1723163896
538,molteno,-31.3968,26.3625,44.51,27,0,19.55,ZA,1723164002
539,sandnessjoen,66.0217,12.6316,56.37,90,100,15.86,NO,1723164003
540,oeiras,-7.0253,-42.1311,75.87,38,0,6.31,BR,1723164004
541,ust-tsilma,65.441,52.1498,49.93,81,0,3.15,RU,1723164006
542,saurimo,-9.6608,20.3916,60.69,23,100,5.48,AO,1723164007
543,hell-ville,-13.4,48.2667,74.53,75,20,4.47,MG,1723164008
544,khowy,38.5503,44.9521,71.06,66,0,3.24,IR,1723164009
545,junin de los andes,-39.9504,-71.0694,32.4,90,20,7.05,AR,1723164010
546,ahmadpur east,29.1431,71.2598,90.05,60,6,10.22,PK,1723164011
547,mil'kovo,55.6078,37.7956,66.34,78,100,5.55,RU,1723164012
548,baoqing,46.3317,132.2111,77.95,65,100,6.31,CN,1723164013
549,hilo,19.7297,-155.09,83.08,74,0,8.05,US,1723164014
550,bahia de kino,28.8333,-111.9333,91.63,48,0,11.56,MX,1723164015
551,turtas,58.9417,69.1325,51.33,75,100,5.19,RU,1723164016
552,pujehun,7.3581,-11.7208,73.24,93,100,3.65,SL,1723164018
553,kem',64.9555,34.5793,47.97,86,7,3.4,RU,1723164019
554,as sulayyil,20.4607,45.5779,92.52,12,100,7.47,SA,1723164020
555,richards bay,-28.783,32.0377,72.41,32,0,12.12,ZA,1723164021
556,val-d'or,48.1002,-77.7828,69.89,64,75,9.22,CA,1723164022
557,imbituva,-25.23,-50.6044,60.28,97,100,2.42,BR,1723164023
558,weno,7.4515,151.8468,84.15,89,100,6.91,FM,1723164024
559,karasburg,-28.0167,18.75,43.57,78,0,10.2,NA,1723164025
560,belgrade,44.804,20.4651,76.66,65,0,3.44,RS,1723164026
561,colares,38.7992,-9.4469,67.33,86,1,17.31,PT,1723164027
562,kashmar,35.2383,58.4656,83.12,14,2,4.52,IR,1723164030
563,sarikei,2.1167,111.5167,79.75,84,89,2.73,MY,1723164031
564,morehead city,34.7229,-76.726,83.01,88,86,17.0,US,1723163749
565,fenoarivo be,-18.4333,46.5667,53.87,93,3,3.98,MG,1723164033
566,ulladulla,-35.35,150.4667,63.36,44,79,4.45,AU,1723164034
567,colonel hill,22.7667,-74.2167,83.16,81,100,14.65,BS,1723164035
568,la'ie,21.6477,-157.9253,83.1,71,11,10.0,US,1723163826
569,arkhara,49.4212,130.0842,71.92,67,95,5.75,RU,1723164037
570,la foa,-21.7108,165.8276,75.7,54,19,2.8,NC,1723164038
571,conception bay south,47.4999,-52.9981,63.45,78,36,8.48,CA,1723163898
572,yamada,39.4667,141.95,82.18,67,73,4.94,JP,1723164041
573,krasnyy chikoy,50.3643,108.7512,64.13,84,100,1.59,RU,1723164042
574,krutaya gorka,55.3649,73.2231,50.02,84,35,9.24,RU,1723164043
575,new plymouth,-39.0667,174.0833,52.32,100,80,1.63,NZ,1723164045
576,chatillon-sur-seiche,48.0345,-1.6711,64.54,88,0,6.91,FR,1723164046
